./repo/./dTelecom/hack-a-tonx/contracts/contracts/dtelecom.fc:102:60,recv_internal,UnHandle bounced message with op: 0x3223c524,1,
./contracts/./EQAN_NtUIhtKHInwwCB6BDyPEBD2oqOivXh-1Nsc96mePEQK/staking_nft_collection.fc:311:46,recv_internal,UnHandle bounced message with op: 0x55521d04,1,
./repo/./0xGoerliMainnet/nft-contracts/packages/contracts/sources/nft-auction-v2/struct/handles.func:38:53,recv_internal,UnHandle bounced message with op: 0x5fcc3d14,1,
./repo/./JetTon-Bot/jt-ico-smc/contracts/root/./structure/swap.fc:40:39,recv_internal,UnHandle bounced message with op: 0xf8a7ea5,1,
./contracts/./EQC1yTmHvpD5z4Dk_l-YnEhZclc06utSisqhthfzBGz-w0Ae/struct/handles.func:127:53,recv_internal,UnHandle bounced message with op: 0x5fcc3d14,1,
./repo/./polus-dev/native-ton-pair/func/utils/lp.func:67:51,recv_internal,UnHandle bounced message with op: 0xf8a7ea5,1,
./contracts/./EQBeaUJdPdO66uL-P_D7-oHClw6uYIAPxoo9CX-TE6psn6lk/nft-fixprice-sale-v2.fc:111:46,recv_internal,UnHandle bounced message with op: 0x5fcc3d14,1,
./repo/./ton-blockchain/governance-contract/config-code.fc:134:18,recv_internal,UnHandle bounced message with op: 0x4e436f64,1,
./contracts/./EQBIzHiopIkaXdXdSZ6Sm57kZV0y_5tZjnGO4fTUsMT0lOUz/imports/amm-minter-utils.fc:70:42,recv_internal,UnHandle bounced message with op: 0xf8a7ea5,1,
./repo/./CryptoSnowPrince/ton-sc-init/contracts/lp_wallet.func:83:40,recv_internal,UnHandle bounced message with op: 0x7362d09c,1,
./contracts/./testnet/EQDelOLaPNnrFoU7W1mmTU6UoZdnwTbZ8WPEe9bbZiIxpTXl/jetton_lottery.fc:103:45,recv_internal,UnHandle bounced message with op: 0xf8a7ea5,1,
./contracts/./EQCnTg1uvsqc1ZCSgEOl5Yk5LItktG6OOYrSQ8SnJP4FFa58/struct/handles.func:38:53,recv_internal,UnHandle bounced message with op: 0x5fcc3d14,1,
./contracts/./EQB8f5IyWqTgB1uGjkQ_wJIjdiFzO9n8BBde-OEr-AyO60Rt/proxy-wallet.fc:81:50,recv_internal,UnHandle bounced message with op: 0xf8a7ea5,1,
./contracts/./EQCORJnJAIQddYPZVZovHwuiKTMCQMFWoZi1dhHV8QF8Apcf/jetton-wallet.fc:139:40,recv_internal,UnHandle bounced message with op: 0x7362d09c,1,
./contracts/./testnet/EQDelOLaPNnrFoU7W1mmTU6UoZdnwTbZ8WPEe9bbZiIxpTXl/jetton_lottery.fc:56:50,recv_internal,UnHandle bounced message with op: 0xf8a7ea5,1,
./repo/./polus-dev/btn-token-smc/func/btn-jwallet.func:149:44,recv_internal,UnHandle bounced message with op: 0x7362d09c,1,
./contracts/./EQDeQeb0NP61DHQwiynfOIqsLiFFNF4qR8F2YnanRo4QNxPr/struct/handles.func:132:55,recv_internal,UnHandle bounced message with op: 0x5fcc3d14,1,
./contracts/./EQCjRyNFSsyqx5njAUH8xKUkuFULLHKnk4C-BM3eBDFuZArs/nft-auction-v3r3.func:214:49,recv_internal,UnHandle bounced message with op: 0x5fcc3d14,1,
./repo/./nns2009/TON-FunC-contest-3/func/5.fc:302:28,recv_internal,UnHandle bounced message with op: 0xeefa5ea4,1,
./repo/./ProgramCrafter/nft-contracts/packages/contracts/sources/nft-sale.fc:83:49,recv_internal,UnHandle bounced message with op: 0x5fcc3d14,1,
./repo/./1IxI1/jetton-spammer-contract/contracts/spammer.fc:59:41,recv_internal,UnHandle bounced message with op: 0xf8a7ea5,1,
./repo/./aSpite/shardify/contracts/pool_master.fc:138:29,recv_internal,UnHandle bounced message with op: 0x502c1cc2,1,
./contracts/./EQDVabn1PWQgJ6UjBxXkc_8BXRM5eFGrIFsFcad2ShXYrOTX/nft_collection.fc:171:42,recv_internal,UnHandle bounced message with op: 0x32,0,
./contracts/./Ef8zMzMzMzMzMzMzMzMzMzMzMzMzMzMzMzMzMzMzMzMzM0vF/elector-code.fc:185:38,recv_internal,UnHandle bounced message with op: 0x4e565354,1,
./repo/./deed-labs/gittips/contracts/contracts/router.fc:99:34,recv_internal,UnHandle bounced message with op: 0x32,0,
./repo/./tonswap/tonswap-contracts/contracts/amm-wallet.fc:131:40,recv_internal,UnHandle bounced message with op: 0x7362d09c,1,
./contracts/./EQCmgI_eRwh6djWRNoGrKxU6br11OM_234Y8bTYqm8PpNLOP/marketon-collection-minter-v1.func:186:42,recv_internal,UnHandle bounced message with op: 0x5fcc3d14,1,
./repo/./Gusarich/fundraiser/contracts/fundraiser.fc:119:36,recv_internal,UnHandle bounced message with op: 0xf8a7ea5,1,
./repo/./HipoFinance/contract/wrappers/elector-test/elector-code.fc:186:38,recv_internal,UnHandle bounced message with op: 0x4e565354,1,
./contracts/./EQBuHV2pTNiaELG2p20H_hFUXrQaZlKOhyWTMaWaoa359pmR/jackpot.fc:73:40,recv_internal,UnHandle bounced message with op: 0x15,0,
./repo/./0xGoerliMainnet/nft-contracts/packages/contracts/sources/nft-auction/struct/handles.func:111:57,recv_internal,UnHandle bounced message with op: 0x5fcc3d14,1,
./contracts/./EQDTK6cPsVDhITX4BafFlPeY0iRog1cyEZ5bDVFnpDg2j734/my_contract.fc:56:29,recv_internal,UnHandle bounced message with op: 0xf8a7ea5,1,
./contracts/./EQCajaUU1XXSAjTD-xOV7pE49fGtg4q8kF3ELCOJtGvQFQ2C/wton-minter.fc:63:38,recv_internal,UnHandle bounced message with op: 0x178d4519,1,
./contracts/./EQCD_SHpioU270cp3C-89-Xw1d8TyaArATSy16nbxdARgfRR/jetton-wallet.fc:147:40,recv_internal,UnHandle bounced message with op: 0x7362d09c,1,
./repo/./akifoq/nominator-pool-contract/func/msg_utils.fc:25:41,recv_internal,UnHandle bounced message with op: 0x4e73744b,1,
./repo/./optus-fi/test-core/contracts/lp_wallet.fc:83:40,recv_internal,UnHandle bounced message with op: 0x7362d09c,1,
./repo/./TonDevStudy/sandbox-fees-sendmodes/fees/contracts/main_naive.fc:27:28,recv_internal,UnHandle bounced message with op: 0x33bbff77,1,
./contracts/./EQA--JhKKuYfb-WAw7vDWEfD4fg2WOt9AuLH6xHPvF0RTUNA/lottery.fc:72:40,recv_internal,UnHandle bounced message with op: 0x5fcc3d14,1,
./repo/./tonwhales/sandbox-init/config-code.fc:92:18,recv_internal,UnHandle bounced message with op: 0x4e436f64,1,
./contracts/./EQCPXKOygMDIuWI6vnSBt498PwHAwaatg5yLYC7TitxLLQbr/compressed-nft-collection.fc:294:41,recv_internal,UnHandle bounced message with op: 0x32,0,
./repo/./gridgentoo/reverse_ton/crypto/smartcont/config-code.fc:86:18,recv_internal,UnHandle bounced message with op: 0x4e436f64,1,
./contracts/./EQCfcn9bA37a3_yjwYAheYgEyxtxb3fxXDgBz7_wCfP0LmvW/lockup_nft_collection.fc:162:51,recv_internal,UnHandle bounced message with op: 0x5fcc3d14,1,
./contracts/./EQBJOJ2eL_CUFT_0r9meoqjKUwRttC_-NUJyvWQxszVWe1WY/jetton-minter.fc:312:79,recv_internal,UnHandle bounced message with op: 0xd1735400,1,
./repo/./ton-community/nft-sdk/src/wrappers/getgems/NftOffer/nft-offer.fc:243:53,recv_internal,UnHandle bounced message with op: 0x5fcc3d14,1,
./contracts/./EQDNDv54v_TEU5t26rFykylsdPQsv5nsSZaH_v7JSJPtMitv/jetton-minter.fc:143:79,recv_internal,UnHandle bounced message with op: 0xd1735400,1,
./repo/./ton-link/ton-link-contract-v3/typescript/source/CustomTokenOracle/lib/registration.func:209:34,recv_internal,UnHandle bounced message with op: 0xf8a7ea5,1,
./contracts/./EQBkwbp8e8zV0T24BR5hnoQX8xGVTqltb_TTnFNg7MAwZUPZ/ticket.fc:131:29,recv_internal,UnHandle bounced message with op: 0xd53276db,1,
./repo/./synswap-labs/ton-contracts/contracts/bridge.fc:106:29,recv_internal,UnHandle bounced message with op: 0x3,1,
./contracts/./EQAPCdspv0uVHTa3ItpR49FlBEaaBKFDz5G8m6fmEyqhyY3J/nft-offer-v1r3.fc:284:47,recv_internal,UnHandle bounced message with op: 0x5fcc3d14,1,
./repo/./XP-NETWORK/xp-the-open-network/func/bridge.func:87:40,recv_internal,UnHandle bounced message with op: 0x1,1,
./repo/./TonDevStudy/sandbox-fees-sendmodes/fees/contracts/main_improved.fc:26:28,recv_internal,UnHandle bounced message with op: 0x33bbff77,1,
./repo/./TonoxDeFi/capped-fungible-token/src/jetton-wallet.fc:142:40,recv_internal,UnHandle bounced message with op: 0x7362d09c,1,
./contracts/./testnet/EQDt3eHzpkZo8jfCcEDxddFdsHSGHFvL3tZeoNpOCb2w0r-f/sidus.fc:143:79,recv_internal,UnHandle bounced message with op: 0xd1735400,1,
./repo/./nns2009/TON-FunC-contest-1/solutions/3_basic.fc:101:28,recv_internal,UnHandle bounced message with op: 0x3,1,
./repo/./alefmanvladimir/BigFiles/ton-drive-contracts/contracts/storage_contract.fc:137:37,recv_internal,UnHandle bounced message with op: 0xb6236d63,1,
./repo/./alefmanvladimir/BigFiles/ton-drive-contracts/contracts/storage_contract.fc:135:52,recv_internal,UnHandle bounced message with op: 0xb6236d63,1,
./contracts/./EQCYCDuIMYV5gQJxGr44go2lX01nk0hJfd2b_YrSMPPMGfC2/migration_helper.fc:28:20,recv_internal,UnHandle bounced message with op: 0xf8a7ea5,1,
./repo/./TegroTON/TON-Marketplace-NFT-All/smartcont/marketplace.func:133:49,recv_internal,UnHandle bounced message with op: 0x5fcc3d14,1,
./contracts/./EQCDkrpCu-FFVPQJnManjlf8XCN75wjX_AKrrEFFQ1mfJqZo/issuer.fc:143:42,recv_internal,UnHandle bounced message with op: 0x178d4519,1,
./repo/./aSpite/shardify/contracts/pool_master.fc:182:29,recv_internal,UnHandle bounced message with op: 0x3,1,
./repo/./ton-community/nft-sdk/src/wrappers/getgems/NftFixedPriceV3/nft-fixprice-sale-v3.fc:120:46,recv_internal,UnHandle bounced message with op: 0x5fcc3d14,1,
./contracts/./EQDtA9QBADZs0kKSyp6w9Rh6Wkz0nY2zaAEoSx7qib2Ubesl/pools_admin.fc:169:45,recv_internal,UnHandle bounced message with op: 0x5,1,
./contracts/./EQCNvycVDMdWBPM4f-_fPrfJC8rt3770xC8XeaIOKkIbPazO/utils/handles.fc:34:45,recv_internal,UnHandle bounced message with op: 0xf8a7ea5,1,
./repo/./polus-dev/native-ton-pair/func/utils/lp.func:97:45,recv_internal,UnHandle bounced message with op: 0x21,1,
./repo/./ton-link/ton-link-contract-v3/toncli/func/lib/ITEP74.func:50:34,recv_internal,UnHandle bounced message with op: 0x21,1,
./repo/./1ton-labs/contracts-func/contracts/lending.fc:50:29,recv_internal,UnHandle bounced message with op: 0x5fcc3d14,1,
./repo/./EmelyanenkoK/StorageProvider/storage_contract.func:164:38,recv_internal,UnHandle bounced message with op: 0xa91baf56,1,
./repo/./tongochi/DEX/Staking/lockupcontracts/lockup_collection_1.fc:175:49,recv_internal,UnHandle bounced message with op: 0x5fcc3d14,1,
./repo/./SaberDoTcodeR/Tonnel-Network/contracts/ZKNFT/nft-collection.fc:60:40,recv_internal,UnHandle bounced message with op: 0xf8a7ea5,1,
./repo/./akifoq/nominator-pool-contract/func/request_stake.fc:14:38,recv_internal,UnHandle bounced message with op: 0x47657424,1,
./contracts/./EQCPXKOygMDIuWI6vnSBt498PwHAwaatg5yLYC7TitxLLQbr/compressed-nft-collection.fc:271:42,recv_internal,UnHandle bounced message with op: 0x32,0,
./contracts/./EQA6rqhL9hxd8c3c1JVYQPohQVicy8PEZibTgF60iQCSEk1c/nft-offer.fc:239:53,recv_internal,UnHandle bounced message with op: 0x5fcc3d14,1,
